file,phase,full_path,date,total_tok_s,output_tok_s,mean_tpot_ms,mean_ttft_ms,p99_tpot_ms,p99_ttft_ms,num_prompts,completed,max_concurrency,duration_s
dp2_tp4_ds16_fusedmoe_isl1024_osl1024_conc128,results_v2,/shared_nfs/nehaprakriya/agentic-rc/yanyuan_runs/glm5_optimization/results_v2/dp2_tp4_ds16_fusedmoe_isl1024_osl1024_conc128.json,20260326-073049,2794.4137294123034,1401.9893471349528,84.88780233070602,1635.1014236092851,92.21736587062554,6789.483388591907,384,384,128,254.15671005501645
dp2_tp4_ds16_aiter_fp8_isl1024_osl1024_conc128,results_v2,/shared_nfs/nehaprakriya/agentic-rc/yanyuan_runs/glm5_optimization/results_v2/dp2_tp4_ds16_aiter_fp8_isl1024_osl1024_conc128.json,20260326-084209,2787.429350135724,1398.485204123111,85.32514634772588,1644.2791484375146,91.87742457290771,6785.152728561661,384,384,128,254.79354300600244
replicate_dp2_tp4_ds16_fusedmoe_conc128_20260326_151401,results_replication,/shared_nfs/nehaprakriya/agentic-rc/yanyuan_runs/glm5_optimization/results_replication/replicate_dp2_tp4_ds16_fusedmoe_conc128_20260326_151401.json,20260326-153708,2768.8790238321826,1389.1782931278976,85.73501840872106,1706.8058219626134,93.30775182556776,7013.451887439587,384,384,128,256.5005527099711
dp2_tp4_ds8_isl1024_osl1024_conc128,results_v2,/shared_nfs/nehaprakriya/agentic-rc/yanyuan_runs/glm5_optimization/results_v2/dp2_tp4_ds8_isl1024_osl1024_conc128.json,20260326-052953,2768.512434686739,1388.9943711584065,85.74294903600993,1702.7216570392436,93.8929432172321,6988.901526128175,384,384,128,256.5345169130014
dp2_tp4_ds16_aiter_decode_isl1024_osl1024_conc96,results_v2,/shared_nfs/nehaprakriya/agentic-rc/yanyuan_runs/glm5_optimization/results_v2/dp2_tp4_ds16_aiter_decode_isl1024_osl1024_conc96.json,20260326-091552,2232.9720177510785,1116.5175792419714,79.39371303743924,1342.4259487619565,85.00298386222798,5081.309193189954,288,288,96,237.5645533320494
sweep_isl8192_osl1024_conc16,results,/shared_nfs/nehaprakriya/agentic-rc/yanyuan_runs/glm5_optimization/results/sweep_isl8192_osl1024_conc16.json,20260326-035834,1683.7667778601037,188.62164807830905,76.1103479748101,4190.103428234579,91.61459248486685,15975.244418391376,48,48,16,234.95712422998622
tp8_tilelang_ds8_isl1024_osl1024_conc64,results_v2,/shared_nfs/nehaprakriya/agentic-rc/yanyuan_runs/glm5_optimization/results_v2/tp8_tilelang_ds8_isl1024_osl1024_conc64.json,20260326-055435,1680.886364682241,840.067956926703,70.52270371454306,1513.035686432886,75.54839458928565,5922.472818490933,192,192,64,210.54010992997792
tuned_nsa_aiter_ds16_tp4_isl1024_osl1024_conc64,results_v3,/shared_nfs/nehaprakriya/agentic-rc/yanyuan_runs/glm5_optimization/results_v3/tuned_nsa_aiter_ds16_tp4_isl1024_osl1024_conc64.json,20260326-185340,1446.3787858292446,722.866516787645,82.05342107076318,1786.3294923872672,88.14606673650718,7083.366151073133,192,192,64,244.67587845399976
tuned_mixedchunk_ds16_tp4_isl1024_osl1024_conc64,results_v3,/shared_nfs/nehaprakriya/agentic-rc/yanyuan_runs/glm5_optimization/results_v3/tuned_mixedchunk_ds16_tp4_isl1024_osl1024_conc64.json,20260326-183611,1443.6367296371375,721.4961008026731,82.29741903592546,1772.8405758113392,86.84599098208234,6948.010023100651,192,192,64,245.14061795099406
tuned_fusedmoe_ds64_tp4_isl1024_osl1024_conc64,results_v3,/shared_nfs/nehaprakriya/agentic-rc/yanyuan_runs/glm5_optimization/results_v3/tuned_fusedmoe_ds64_tp4_isl1024_osl1024_conc64.json,20260326-180106,1413.6083969176134,706.4886376881904,84.16798653286787,1750.4162554065867,90.41208409795071,6942.589757916285,192,192,64,250.3479752749554
tuned_moe_triton_ds16_tp4_isl1024_osl1024_conc64,results_v3,/shared_nfs/nehaprakriya/agentic-rc/yanyuan_runs/glm5_optimization/results_v3/tuned_moe_triton_ds16_tp4_isl1024_osl1024_conc64.json,20260326-181842,1411.0004200456583,705.1852314326761,84.3241966069855,1795.8930125287225,90.42045102219964,7121.658315304085,192,192,64,250.81069783703424
tuned_fusedmoe_ds16_tp4_isl1024_osl1024_conc64,results_v3,/shared_nfs/nehaprakriya/agentic-rc/yanyuan_runs/glm5_optimization/results_v3/tuned_fusedmoe_ds16_tp4_isl1024_osl1024_conc64.json,20260326-170612,1408.5078145185362,703.939485095154,84.44022247829342,1794.3317590367467,90.5491079916626,7191.341912057251,192,192,64,251.2545520529966
tuned_mem90_ds16_tp4_isl1024_osl1024_conc64,results_v3,/shared_nfs/nehaprakriya/agentic-rc/yanyuan_runs/glm5_optimization/results_v3/tuned_mem90_ds16_tp4_isl1024_osl1024_conc64.json,20260326-191107,1407.9670877773135,703.6692424313435,84.40846290140159,1845.0167619218216,90.3184775901318,7284.011920428602,192,192,64,251.3510458249948
aiter_allreduce_fusion_tp4_isl1024_osl1024_conc64,results_v3,/shared_nfs/nehaprakriya/agentic-rc/yanyuan_runs/glm5_optimization/results_v3/aiter_allreduce_fusion_tp4_isl1024_osl1024_conc64.json,20260326-164635,1406.8313248928578,703.1016145262423,84.63507449731911,1807.6058391197876,90.5720204722162,7156.398931448348,192,192,64,251.55396651901538
sweep_isl1024_osl1024_conc64,results,/shared_nfs/nehaprakriya/agentic-rc/yanyuan_runs/glm5_optimization/results/sweep_isl1024_osl1024_conc64.json,20260326-030736,1403.4291692113886,701.4012961510506,84.87990273060974,1749.7904693752087,90.92901437546892,6968.284419060801,192,192,64,252.1637769570225
glm5_isl1024_osl1024_fp8_mi355x_sglang_tp4_conc64_decodesteps8,results,/shared_nfs/nehaprakriya/agentic-rc/yanyuan_runs/glm5_optimization/results/glm5_isl1024_osl1024_fp8_mi355x_sglang_tp4_conc64_decodesteps8.json,20260325-233341,1398.7389356296135,697.4764992962115,85.62602682303572,1413.1123746612957,90.67483720929135,7014.431084608077,256,256,64,336.7726371239987
fused_decode_mla_enabled_tp4_isl1024_osl1024_conc64,results_v3,/shared_nfs/nehaprakriya/agentic-rc/yanyuan_runs/glm5_optimization/results_v3/fused_decode_mla_enabled_tp4_isl1024_osl1024_conc64.json,20260326-162615,1396.3208933353842,697.8487449983405,85.23823467072056,1835.0917939493836,91.41666587956348,7205.888454014785,192,192,64,253.44747163000284
glm5_isl1024_osl1024_fp8_mi355x_sglang_tp4_conc64_ds16_mem88,results,/shared_nfs/nehaprakriya/agentic-rc/yanyuan_runs/glm5_optimization/results/glm5_isl1024_osl1024_fp8_mi355x_sglang_tp4_conc64_ds16_mem88.json,20260325-235437,1395.0287768963574,695.6264410335953,85.87060502675642,1432.71477210169,90.7261079135927,6918.133578842389,256,256,64,337.6683031930006
glm5_isl1024_osl1024_fp8_mi355x_sglang_tp4_conc64,results,/shared_nfs/nehaprakriya/agentic-rc/yanyuan_runs/glm5_optimization/results/glm5_isl1024_osl1024_fp8_mi355x_sglang_tp4_conc64.json,20260325-223921,1379.0698826896935,687.66859173065,86.86806253302115,1476.2026241205604,92.05931708087054,7157.360230898485,256,256,64,341.5758736470016
glm5_isl1024_osl1024_fp8_mi355x_sglang_tp4_conc48_aiter,results,/shared_nfs/nehaprakriya/agentic-rc/yanyuan_runs/glm5_optimization/results/glm5_isl1024_osl1024_fp8_mi355x_sglang_tp4_conc48_aiter.json,20260326-005602,1143.3256298006447,571.4075895369247,79.40279221345304,1118.6022998369178,84.6417607402377,5025.014202454477,192,192,48,309.5303654320305
glm5_isl1024_osl1024_fp8_mi355x_sglang_tp4_conc32_aiter,results,/shared_nfs/nehaprakriya/agentic-rc/yanyuan_runs/glm5_optimization/results/glm5_isl1024_osl1024_fp8_mi355x_sglang_tp4_conc32_aiter.json,20260326-003411,934.4243540071515,464.96084761056375,65.03356810301536,879.9219689535676,68.30971054846687,3365.415568087483,128,128,32,252.73955990897957
glm5_isl1024_osl1024_fp8_mi355x_sglang_tp4_conc16_aiter,results,/shared_nfs/nehaprakriya/agentic-rc/yanyuan_runs/glm5_optimization/results/glm5_isl1024_osl1024_fp8_mi355x_sglang_tp4_conc16_aiter.json,20260326-001309,508.86702576515785,254.6179285022727,58.075828192968395,707.2112623573048,60.09679018184538,1959.9573375517502,64,64,16,233.16896947997157
sweep_isl1024_osl8192_conc32,results,/shared_nfs/nehaprakriya/agentic-rc/yanyuan_runs/glm5_optimization/results/sweep_isl1024_osl8192_conc32.json,20260326-035203,483.2660365266529,429.5629562491816,69.95336380493133,1074.0067432531457,72.14253331840457,3376.6805761290016,96,96,32,1653.536436666036
dp2_tp4_ds8_conc192_isl1024_osl1024_conc192,results_v2,/shared_nfs/nehaprakriya/agentic-rc/yanyuan_runs/glm5_optimization/results_v2/dp2_tp4_ds8_conc192_isl1024_osl1024_conc192.json,20260326-070819,0.0,0.0,0.0,0.0,0.0,0.0,576,0,192,0.19748788001015782
tuned_fusedmoe_ds16_conc128_tp4_isl1024_osl1024_conc128,results_v3,/shared_nfs/nehaprakriya/agentic-rc/yanyuan_runs/glm5_optimization/results_v3/tuned_fusedmoe_ds16_conc128_tp4_isl1024_osl1024_conc128.json,20260326-172453,0.0,0.0,0.0,0.0,0.0,0.0,384,0,128,0.13578060403233394
tuned_fusedmoe_ds32_tp4_isl1024_osl1024_conc64,results_v3,/shared_nfs/nehaprakriya/agentic-rc/yanyuan_runs/glm5_optimization/results_v3/tuned_fusedmoe_ds32_tp4_isl1024_osl1024_conc64.json,20260326-174329,0.0,0.0,0.0,0.0,0.0,0.0,192,0,64,0.06398143799742684
