name,param: op_shape,param: dtype_in_out,param: stride_input,param: stride_output,num_kernels,GFLOPS_first,Data Moved (MB)_first,FLOPS/Byte_first,TB/s_mean,TB/s_median,TB/s_std,TB/s_min,TB/s_max,TFLOPS/s_mean,TFLOPS/s_median,TFLOPS/s_std,TFLOPS/s_min,TFLOPS/s_max,process_name_first,process_label_first,thread_name_first,Compute Spec,kernel_details__summarize_kernel_stats,trunc_kernel_details,Input Dims_first,Input type_first,Input Strides_first,Concrete Inputs_first,Kernel Time (µs)_mean,Kernel Time (µs)_median,Kernel Time (µs)_std,Kernel Time (µs)_min,Kernel Time (µs)_max,Kernel Time (µs)_sum,name_count,UID_first
aten::copy_,"(4096, 8, 2880)","('c10::BFloat16', 'c10::BFloat16')","(23040, 2880, 1)","(23040, 2880, 1)",1,0.09437184,360.0,0.25,4.853062534534673,5.009162562720299,0.42652723592171865,3.5069545978607004,5.461324074089773,1.2132656336336682,1.2522906406800747,0.10663180898042966,0.8767386494651751,1.3653310185224432,python,CPU,thread 166796 (pt_autograd_0),vector_bf16,"[{'name': 'Memcpy DtoD (Device -> Device)', 'stream': 0, 'count': 576, 'total_duration_us': np.float64(45193.086), 'mean_duration_us': np.float64(78.46021875000001), 'median_duration_us': np.float64(75.359), 'std_dev_duration_us': np.float64(7.768515217963583), 'min_duration_us': np.float64(69.12), 'max_duration_us': np.float64(107.64)}]","[{'name': 'Memcpy DtoD (Device -> Device)', 'stream': 0, 'mean_duration_us': np.float64(78.46)}]","[[4096, 8, 2880], [4096, 8, 2880], []]","['c10::BFloat16', 'c10::BFloat16', 'Scalar']","[[23040, 2880, 1], [23040, 2880, 1], []]","['', '', 'False']",78.46022542317708,75.359375,7.775251329691053,69.1201171875,107.6396484375,45193.08984375,576,138093
aten::copy_,"(8, 4096, 64, 64)","('c10::BFloat16', 'c10::BFloat16')","(16777216, 4096, 64, 1)","(4096, 32768, 64, 1)",1,0.134217728,512.0,0.25,2.9892901919198116,2.9879171554692836,0.1028237333692699,2.6540942568276726,3.181254745866872,0.7473225479799529,0.7469792888673209,0.025705933342317477,0.6635235642069182,0.795313686466718,python,CPU,thread 166178 (python),vector_bf16,"[{'name': 'void at::native::elementwise_kernel_manual_unroll<128, 8, at::native::gpu_kernel_impl_nocast<at::native::direct_copy_kernel_cuda(at::TensorIteratorBase&)::{lambda()#3}::operator()() const::{lambda()#12}::operator()() const::{lambda(c10::BFloat16)#1}>(at::TensorIteratorBase&, at::native::direct_copy_kernel_cuda(at::TensorIteratorBase&)::{lambda()#3}::operator()() const::{lambda()#12}::operator()() const::{lambda(c10::BFloat16)#1} const&)::{lambda(int, bool)#1}>(int, at::native::gpu_kernel_impl_nocast<at::native::direct_copy_kernel_cuda(at::TensorIteratorBase&)::{lambda()#3}::operator()() const::{lambda()#12}::operator()() const::{lambda(c10::BFloat16)#1}>(at::TensorIteratorBase&, at::native::direct_copy_kernel_cuda(at::TensorIteratorBase&)::{lambda()#3}::operator()() const::{lambda()#12}::operator()() const::{lambda(c10::BFloat16)#1} const&)::{lambda(int, bool)#1})', 'stream': 0, 'count': 192, 'total_duration_us': np.float64(34524.369000000006), 'mean_duration_us': np.float64(179.81442187500002), 'median_duration_us': np.float64(179.68099999999998), 'std_dev_duration_us': np.float64(6.312230701693061), 'min_duration_us': np.float64(168.761), 'max_duration_us': np.float64(202.28)}]","[{'name': 'void at::native::elementwise_kernel_manual_unroll<128, 8, at::na...', 'stream': 0, 'mean_duration_us': np.float64(179.81)}]","[[8, 4096, 64, 64], [8, 4096, 64, 64], []]","['c10::BFloat16', 'c10::BFloat16', 'Scalar']","[[16777216, 4096, 64, 1], [4096, 32768, 64, 1], []]","['', '', 'False']",179.81442260742188,179.6806640625,6.32874966831762,168.7607421875,202.2802734375,34524.369140625,192,172
aten::copy_,"(4096, 8, 4096)","('c10::BFloat16', 'c10::BFloat16')","(32768, 4096, 1)","(4096, 16777216, 1)",1,0.134217728,512.0,0.25,3.0198104089869595,3.0222304835957425,0.0715244129051475,2.765649531582654,3.176750958579882,0.7549526022467399,0.7555576208989356,0.017881103226286874,0.6914123828956635,0.7941877396449705,python,CPU,thread 166178 (python),vector_bf16,"[{'name': 'void at::native::elementwise_kernel_manual_unroll<128, 8, at::native::gpu_kernel_impl_nocast<at::native::direct_copy_kernel_cuda(at::TensorIteratorBase&)::{lambda()#3}::operator()() const::{lambda()#12}::operator()() const::{lambda(c10::BFloat16)#1}>(at::TensorIteratorBase&, at::native::direct_copy_kernel_cuda(at::TensorIteratorBase&)::{lambda()#3}::operator()() const::{lambda()#12}::operator()() const::{lambda(c10::BFloat16)#1} const&)::{lambda(int, bool)#1}>(int, at::native::gpu_kernel_impl_nocast<at::native::direct_copy_kernel_cuda(at::TensorIteratorBase&)::{lambda()#3}::operator()() const::{lambda()#12}::operator()() const::{lambda(c10::BFloat16)#1}>(at::TensorIteratorBase&, at::native::direct_copy_kernel_cuda(at::TensorIteratorBase&)::{lambda()#3}::operator()() const::{lambda()#12}::operator()() const::{lambda(c10::BFloat16)#1} const&)::{lambda(int, bool)#1})', 'stream': 0, 'count': 192, 'total_duration_us': np.float64(34153.89), 'mean_duration_us': np.float64(177.88484375), 'median_duration_us': np.float64(177.641), 'std_dev_duration_us': np.float64(4.316219811961536), 'min_duration_us': np.float64(169.0), 'max_duration_us': np.float64(194.121)}]","[{'name': 'void at::native::elementwise_kernel_manual_unroll<128, 8, at::na...', 'stream': 0, 'mean_duration_us': np.float64(177.88)}]","[[4096, 8, 4096], [4096, 8, 4096], []]","['c10::BFloat16', 'c10::BFloat16', 'Scalar']","[[32768, 4096, 1], [4096, 16777216, 1], []]","['', '', 'False']",177.8848673502604,177.640625,4.3275064237883845,169.0,194.12109375,34153.89453125,192,218
aten::copy_,"(8, 1, 4096, 4096)","('bool', 'bool')","(16777216, 16777216, 4096, 1)","(16777216, 16777216, 4096, 1)",1,0.134217728,,,,,,,,0.05640758714366977,0.05643714304896072,0.00011993474869267472,0.05621682642963578,0.056559845279002985,python,CPU,thread 166178 (python),,"[{'name': 'Memcpy HtoD (Host -> Device)', 'stream': 0, 'count': 8, 'total_duration_us': np.float64(19035.491), 'mean_duration_us': np.float64(2379.436375), 'median_duration_us': np.float64(2378.1814999999997), 'std_dev_duration_us': np.float64(4.735729509207149), 'min_duration_us': np.float64(2373.021), 'max_duration_us': np.float64(2387.501)}]","[{'name': 'Memcpy HtoD (Host -> Device)', 'stream': 0, 'mean_duration_us': np.float64(2379.44)}]","[[8, 1, 4096, 4096], [8, 1, 4096, 4096], []]","['bool', 'bool', 'Scalar']","[[16777216, 16777216, 4096, 1], [16777216, 16777216, 4096, 1], []]","['', '', 'True']",2379.436279296875,2378.18115234375,5.062542997577997,2373.021484375,2387.5009765625,19035.490234375,8,25
aten::copy_,"(4096, 8, 8, 512)","('c10::BFloat16', 'c10::BFloat16')","(32768, 4096, 512, 1)","(40960, 5120, 640, 1)",1,0.134217728,512.0,0.25,6.055068893342566,6.060890096144127,0.1348407697415567,4.971026962962963,6.346021169202355,1.5137672233356414,1.5152225240360317,0.033710192435389176,1.2427567407407407,1.5865052923005887,python,CPU,thread 166178 (python),vector_bf16,"[{'name': 'void at::native::elementwise_kernel_manual_unroll<128, 8, at::native::gpu_kernel_impl_nocast<at::native::direct_copy_kernel_cuda(at::TensorIteratorBase&)::{lambda()#3}::operator()() const::{lambda()#12}::operator()() const::{lambda(c10::BFloat16)#1}>(at::TensorIteratorBase&, at::native::direct_copy_kernel_cuda(at::TensorIteratorBase&)::{lambda()#3}::operator()() const::{lambda()#12}::operator()() const::{lambda(c10::BFloat16)#1} const&)::{lambda(int, bool)#1}>(int, at::native::gpu_kernel_impl_nocast<at::native::direct_copy_kernel_cuda(at::TensorIteratorBase&)::{lambda()#3}::operator()() const::{lambda()#12}::operator()() const::{lambda(c10::BFloat16)#1}>(at::TensorIteratorBase&, at::native::direct_copy_kernel_cuda(at::TensorIteratorBase&)::{lambda()#3}::operator()() const::{lambda()#12}::operator()() const::{lambda(c10::BFloat16)#1} const&)::{lambda(int, bool)#1})', 'stream': 0, 'count': 192, 'total_duration_us': np.float64(17032.6), 'mean_duration_us': np.float64(88.71145833333333), 'median_duration_us': np.float64(88.58), 'std_dev_duration_us': np.float64(2.1166347500054314), 'min_duration_us': np.float64(84.6), 'max_duration_us': np.float64(108.0)}]","[{'name': 'void at::native::elementwise_kernel_manual_unroll<128, 8, at::na...', 'stream': 0, 'mean_duration_us': np.float64(88.71)}]","[[4096, 8, 8, 512], [4096, 8, 8, 512], []]","['c10::BFloat16', 'c10::BFloat16', 'Scalar']","[[32768, 4096, 512, 1], [40960, 5120, 640, 1], []]","['', '', 'False']",88.71149190266927,88.57958984375,2.1221659072278882,84.599609375,108.0,17032.6064453125,192,134
aten::copy_,"(32768, 2880)","('c10::BFloat16', 'c10::BFloat16')","(2880, 1)","(2880, 1)",1,0.09437184,360.0,0.25,4.9127232883536625,5.034509005609767,0.3790925016987401,3.625498800776597,5.2987944707333785,1.2281808220884156,1.2586272514024417,0.09477312542468502,0.9063747001941492,1.3246986176833446,python,CPU,thread 166796 (pt_autograd_0),vector_bf16,"[{'name': 'Memcpy DtoD (Device -> Device)', 'stream': 0, 'count': 192, 'total_duration_us': np.float64(14859.163999999999), 'mean_duration_us': np.float64(77.39147916666666), 'median_duration_us': np.float64(74.97999999999999), 'std_dev_duration_us': np.float64(7.209022622119634), 'min_duration_us': np.float64(71.24), 'max_duration_us': np.float64(104.12)}]","[{'name': 'Memcpy DtoD (Device -> Device)', 'stream': 0, 'mean_duration_us': np.float64(77.39)}]","[[32768, 2880], [32768, 2880], []]","['c10::BFloat16', 'c10::BFloat16', 'Scalar']","[[2880, 1], [2880, 1], []]","['', '', 'False']",77.39146931966145,74.97998046875,7.2278694370302485,71.240234375,104.1201171875,14859.162109375,192,138099
aten::copy_,"(8, 4096, 8, 64)","('c10::BFloat16', 'c10::BFloat16')","(2097152, 512, 64, 1)","(512, 4096, 64, 1)",1,0.016777216,64.0,0.25,2.4106941108457405,2.415788184847205,0.09539430441247933,2.1345429811766166,2.637882489578135,0.6026735277114351,0.6039470462118013,0.023848576103119832,0.5336357452941541,0.6594706223945338,python,CPU,thread 166178 (python),vector_bf16,"[{'name': 'void at::native::elementwise_kernel_manual_unroll<128, 8, at::native::gpu_kernel_impl_nocast<at::native::direct_copy_kernel_cuda(at::TensorIteratorBase&)::{lambda()#3}::operator()() const::{lambda()#12}::operator()() const::{lambda(c10::BFloat16)#1}>(at::TensorIteratorBase&, at::native::direct_copy_kernel_cuda(at::TensorIteratorBase&)::{lambda()#3}::operator()() const::{lambda()#12}::operator()() const::{lambda(c10::BFloat16)#1} const&)::{lambda(int, bool)#1}>(int, at::native::gpu_kernel_impl_nocast<at::native::direct_copy_kernel_cuda(at::TensorIteratorBase&)::{lambda()#3}::operator()() const::{lambda()#12}::operator()() const::{lambda(c10::BFloat16)#1}>(at::TensorIteratorBase&, at::native::direct_copy_kernel_cuda(at::TensorIteratorBase&)::{lambda()#3}::operator()() const::{lambda()#12}::operator()() const::{lambda(c10::BFloat16)#1} const&)::{lambda(int, bool)#1})', 'stream': 0, 'count': 192, 'total_duration_us': np.float64(5353.304), 'mean_duration_us': np.float64(27.88179166666667), 'median_duration_us': np.float64(27.7795), 'std_dev_duration_us': np.float64(1.110947417716318), 'min_duration_us': np.float64(25.44), 'max_duration_us': np.float64(31.439)}]","[{'name': 'void at::native::elementwise_kernel_manual_unroll<128, 8, at::na...', 'stream': 0, 'mean_duration_us': np.float64(27.88)}]","[[8, 4096, 8, 64], [8, 4096, 8, 64], []]","['c10::BFloat16', 'c10::BFloat16', 'Scalar']","[[2097152, 512, 64, 1], [512, 4096, 64, 1], []]","['', '', 'False']",27.88176981608073,27.779296875,1.11382501712606,25.4404296875,31.439453125,5353.2998046875,192,181
aten::copy_,"(8, 4096, 8, 64)","('c10::BFloat16', 'c10::BFloat16')","(2097152, 512, 64, 1)","(5120, 40960, 640, 1)",1,0.016777216,64.0,0.25,2.9572718524600066,2.966908210582564,0.12533947514137603,2.6093361458080198,3.214194421702526,0.7393179631150016,0.741727052645641,0.03133486878534401,0.6523340364520049,0.8035486054256314,python,CPU,thread 166178 (python),vector_bf16,"[{'name': 'void at::native::elementwise_kernel_manual_unroll<128, 8, at::native::gpu_kernel_impl_nocast<at::native::direct_copy_kernel_cuda(at::TensorIteratorBase&)::{lambda()#3}::operator()() const::{lambda()#12}::operator()() const::{lambda(c10::BFloat16)#1}>(at::TensorIteratorBase&, at::native::direct_copy_kernel_cuda(at::TensorIteratorBase&)::{lambda()#3}::operator()() const::{lambda()#12}::operator()() const::{lambda(c10::BFloat16)#1} const&)::{lambda(int, bool)#1}>(int, at::native::gpu_kernel_impl_nocast<at::native::direct_copy_kernel_cuda(at::TensorIteratorBase&)::{lambda()#3}::operator()() const::{lambda()#12}::operator()() const::{lambda(c10::BFloat16)#1}>(at::TensorIteratorBase&, at::native::direct_copy_kernel_cuda(at::TensorIteratorBase&)::{lambda()#3}::operator()() const::{lambda()#12}::operator()() const::{lambda(c10::BFloat16)#1} const&)::{lambda(int, bool)#1})', 'stream': 0, 'count': 192, 'total_duration_us': np.float64(4364.96), 'mean_duration_us': np.float64(22.734166666666667), 'median_duration_us': np.float64(22.619500000000002), 'std_dev_duration_us': np.float64(0.9787230910164983), 'min_duration_us': np.float64(20.879), 'max_duration_us': np.float64(25.719)}]","[{'name': 'void at::native::elementwise_kernel_manual_unroll<128, 8, at::na...', 'stream': 0, 'mean_duration_us': np.float64(22.73)}]","[[8, 4096, 8, 64], [8, 4096, 8, 64], []]","['c10::BFloat16', 'c10::BFloat16', 'Scalar']","[[2097152, 512, 64, 1], [5120, 40960, 640, 1], []]","['', '', 'False']",22.734141031901043,22.619140625,0.9812620197507731,20.87890625,25.71875,4364.955078125,192,190
aten::copy_,"(32768, 32)","('c10::BFloat16', 'float')","(32, 1)","(32, 1)",1,0.001048576,6.0,0.16666666666666666,1.0350289317363521,1.077513119919719,0.22080400915987108,0.5443098127745861,1.5576525493230176,0.1725048219560587,0.17958551998661984,0.03680066819331187,0.09071830212909768,0.2596087582205029,python,CPU,thread 166178 (python),vector_bf16,"[{'name': 'void at::native::vectorized_elementwise_kernel<4, at::native::bfloat16_copy_kernel_cuda(at::TensorIteratorBase&)::{lambda(float)#1}, std::array<char*, 2ul> >(int, at::native::bfloat16_copy_kernel_cuda(at::TensorIteratorBase&)::{lambda(float)#1}, std::array<char*, 2ul>)', 'stream': 0, 'count': 576, 'total_duration_us': np.float64(3687.509), 'mean_duration_us': np.float64(6.401925347222222), 'median_duration_us': np.float64(5.839), 'std_dev_duration_us': np.float64(1.574152415118747), 'min_duration_us': np.float64(4.039), 'max_duration_us': np.float64(11.559)}]","[{'name': 'void at::native::vectorized_elementwise_kernel<4, at::native::bf...', 'stream': 0, 'mean_duration_us': np.float64(6.4)}]","[[32768, 32], [32768, 32], []]","['c10::BFloat16', 'float', 'Scalar']","[[32, 1], [32, 1], []]","['', '', 'False']",6.4018910725911455,5.8388671875,1.5755100607623096,4.0390625,11.55859375,3687.4892578125,576,275
aten::copy_,"(32768, 32)","('float', 'c10::BFloat16')","(32, 1)","(32, 1)",1,0.001048576,6.0,0.16666666666666666,1.073219102709149,1.12374863840921,0.17221550036018649,0.5462018604493429,1.4171691473823143,0.17886985045152481,0.18729143973486828,0.028702583393364414,0.09103364340822383,0.23619485789705236,python,CPU,thread 166178 (python),vector_fp32,"[{'name': 'void at::native::vectorized_elementwise_kernel<4, at::native::bfloat16tofloat32_copy_kernel_cuda(at::TensorIteratorBase&)::{lambda(c10::BFloat16)#1}, std::array<char*, 2ul> >(int, at::native::bfloat16tofloat32_copy_kernel_cuda(at::TensorIteratorBase&)::{lambda(c10::BFloat16)#1}, std::array<char*, 2ul>)', 'stream': 0, 'count': 576, 'total_duration_us': np.float64(3488.145), 'mean_duration_us': np.float64(6.0558072916666665), 'median_duration_us': np.float64(5.599), 'std_dev_duration_us': np.float64(1.2424533089884207), 'min_duration_us': np.float64(4.439), 'max_duration_us': np.float64(11.519)}]","[{'name': 'void at::native::vectorized_elementwise_kernel<4, at::native::bf...', 'stream': 0, 'mean_duration_us': np.float64(6.06)}]","[[32768, 32], [32768, 32], []]","['float', 'c10::BFloat16', 'Scalar']","[[32, 1], [32, 1], []]","['', '', 'False']",6.05584716796875,5.5986328125,1.2434911528977692,4.439453125,11.5185546875,3488.16796875,576,267
aten::copy_,"(4096, 8, 8, 64)","('c10::BFloat16', 'c10::BFloat16')","(4096, 512, 64, 1)","(40960, 5120, 640, 1)",1,0.016777216,64.0,0.25,4.016121406998738,4.043035637818438,0.17470970901241067,3.417179350372949,4.324155344575887,1.0040303517496845,1.0107589094546094,0.04367742725310267,0.8542948375932372,1.0810388361439718,python,CPU,thread 166178 (python),vector_bf16,"[{'name': 'void at::native::elementwise_kernel_manual_unroll<128, 8, at::native::gpu_kernel_impl_nocast<at::native::direct_copy_kernel_cuda(at::TensorIteratorBase&)::{lambda()#3}::operator()() const::{lambda()#12}::operator()() const::{lambda(c10::BFloat16)#1}>(at::TensorIteratorBase&, at::native::direct_copy_kernel_cuda(at::TensorIteratorBase&)::{lambda()#3}::operator()() const::{lambda()#12}::operator()() const::{lambda(c10::BFloat16)#1} const&)::{lambda(int, bool)#1}>(int, at::native::gpu_kernel_impl_nocast<at::native::direct_copy_kernel_cuda(at::TensorIteratorBase&)::{lambda()#3}::operator()() const::{lambda()#12}::operator()() const::{lambda(c10::BFloat16)#1}>(at::TensorIteratorBase&, at::native::direct_copy_kernel_cuda(at::TensorIteratorBase&)::{lambda()#3}::operator()() const::{lambda()#12}::operator()() const::{lambda(c10::BFloat16)#1} const&)::{lambda(int, bool)#1})', 'stream': 0, 'count': 192, 'total_duration_us': np.float64(3214.516), 'mean_duration_us': np.float64(16.742270833333333), 'median_duration_us': np.float64(16.599), 'std_dev_duration_us': np.float64(0.7476333977843946), 'min_duration_us': np.float64(15.52), 'max_duration_us': np.float64(19.639)}]","[{'name': 'void at::native::elementwise_kernel_manual_unroll<128, 8, at::na...', 'stream': 0, 'mean_duration_us': np.float64(16.74)}]","[[4096, 8, 8, 64], [4096, 8, 8, 64], []]","['c10::BFloat16', 'c10::BFloat16', 'Scalar']","[[4096, 512, 64, 1], [40960, 5120, 640, 1], []]","['', '', 'False']",16.74225362141927,16.5986328125,0.7496264798147325,15.51953125,19.638671875,3214.5126953125,192,151
aten::copy_,"(32768, 32)","('int', 'c10::BFloat16')","(32, 1)","(32, 1)",1,0.001048576,,,,,,,,0.14369233283737484,0.14404907754225918,0.01079135296448186,0.07872584676295916,0.1659313589862463,python,CPU,thread 166178 (python),,"[{'name': 'void at::native::elementwise_kernel_manual_unroll<128, 4, at::native::gpu_kernel_impl<at::native::direct_copy_kernel_cuda(at::TensorIteratorBase&)::{lambda()#3}::operator()() const::{lambda()#3}::operator()() const::{lambda(int)#1}>(at::TensorIteratorBase&, at::native::direct_copy_kernel_cuda(at::TensorIteratorBase&)::{lambda()#3}::operator()() const::{lambda()#3}::operator()() const::{lambda(int)#1} const&)::{lambda(int, bool)#1}>(int, at::native::gpu_kernel_impl<at::native::direct_copy_kernel_cuda(at::TensorIteratorBase&)::{lambda()#3}::operator()() const::{lambda()#3}::operator()() const::{lambda(int)#1}>(at::TensorIteratorBase&, at::native::direct_copy_kernel_cuda(at::TensorIteratorBase&)::{lambda()#3}::operator()() const::{lambda()#3}::operator()() const::{lambda(int)#1} const&)::{lambda(int, bool)#1})', 'stream': 0, 'count': 384, 'total_duration_us': np.float64(2821.4390000000003), 'mean_duration_us': np.float64(7.347497395833334), 'median_duration_us': np.float64(7.279), 'std_dev_duration_us': np.float64(0.68799121844678), 'min_duration_us': np.float64(6.319), 'max_duration_us': np.float64(13.319)}]","[{'name': 'void at::native::elementwise_kernel_manual_unroll<128, 4, at::na...', 'stream': 0, 'mean_duration_us': np.float64(7.35)}]","[[32768, 32], [32768, 32], []]","['int', 'c10::BFloat16', 'Scalar']","[[32, 1], [32, 1], []]","['', '', 'False']",7.347442626953125,7.279296875,0.6888839689148354,6.3193359375,13.3193359375,2821.41796875,384,298
aten::copy_,"(32768, 32)","('bool', 'int')","(32, 1)","(32, 1)",1,0.001048576,,,,,,,,0.1577952514326582,0.14565135973955506,0.029801588104243576,0.09568185920513278,0.2131709001389716,python,CPU,thread 166178 (python),,"[{'name': 'void at::native::elementwise_kernel_manual_unroll<128, 4, at::native::gpu_kernel_impl<at::native::direct_copy_kernel_cuda(at::TensorIteratorBase&)::{lambda()#3}::operator()() const::{lambda()#11}::operator()() const::{lambda(bool)#1}>(at::TensorIteratorBase&, at::native::direct_copy_kernel_cuda(at::TensorIteratorBase&)::{lambda()#3}::operator()() const::{lambda()#11}::operator()() const::{lambda(bool)#1} const&)::{lambda(int, bool)#1}>(int, at::native::gpu_kernel_impl<at::native::direct_copy_kernel_cuda(at::TensorIteratorBase&)::{lambda()#3}::operator()() const::{lambda()#11}::operator()() const::{lambda(bool)#1}>(at::TensorIteratorBase&, at::native::direct_copy_kernel_cuda(at::TensorIteratorBase&)::{lambda()#3}::operator()() const::{lambda()#11}::operator()() const::{lambda(bool)#1} const&)::{lambda(int, bool)#1})', 'stream': 0, 'count': 384, 'total_duration_us': np.float64(2644.5200000000004), 'mean_duration_us': np.float64(6.886770833333334), 'median_duration_us': np.float64(7.199), 'std_dev_duration_us': np.float64(1.2970429869447808), 'min_duration_us': np.float64(4.919), 'max_duration_us': np.float64(10.959)}]","[{'name': 'void at::native::elementwise_kernel_manual_unroll<128, 4, at::na...', 'stream': 0, 'mean_duration_us': np.float64(6.89)}]","[[32768, 32], [32768, 32], []]","['bool', 'int', 'Scalar']","[[32, 1], [32, 1], []]","['', '', 'False']",6.8867136637369795,7.19921875,1.298656529367071,4.9189453125,10.958984375,2644.498046875,384,305
aten::copy_,"(32768, 32)","('int', 'int')","(32, 1)","(32, 1)",1,0.001048576,,,,,,,,0.1841274578632011,0.18465035666380053,0.016089775233877772,0.0816720030425192,0.20644911055566237,python,CPU,thread 166178 (python),,"[{'name': 'Memcpy DtoD (Device -> Device)', 'stream': 0, 'count': 384, 'total_duration_us': np.float64(2207.955), 'mean_duration_us': np.float64(5.7498828125), 'median_duration_us': np.float64(5.679), 'std_dev_duration_us': np.float64(0.6678225261034972), 'min_duration_us': np.float64(5.079), 'max_duration_us': np.float64(12.839)}]","[{'name': 'Memcpy DtoD (Device -> Device)', 'stream': 0, 'mean_duration_us': np.float64(5.75)}]","[[32768, 32], [32768, 32], []]","['int', 'int', 'Scalar']","[[32, 1], [32, 1], []]","['', '', 'False']",5.749956766764323,5.6787109375,0.6686359690361963,5.0791015625,12.8388671875,2207.9833984375,384,300
aten::copy_,"(16588800,)","('c10::BFloat16', 'float')","(1,)","(1,)",1,0.0165888,94.921875,0.16666666666666666,5.320500328538173,5.374760702420502,0.190411733496075,4.73987756127052,5.668608854282536,0.8867500547563621,0.8957934504034171,0.031735288916012475,0.7899795935450866,0.9447681423804227,python,CPU,thread 166178 (python),vector_bf16,"[{'name': 'void at::native::vectorized_elementwise_kernel<4, at::native::bfloat16_copy_kernel_cuda(at::TensorIteratorBase&)::{lambda(float)#1}, std::array<char*, 2ul> >(int, at::native::bfloat16_copy_kernel_cuda(at::TensorIteratorBase&)::{lambda(float)#1}, std::array<char*, 2ul>)', 'stream': 0, 'count': 96, 'total_duration_us': np.float64(1798.241), 'mean_duration_us': np.float64(18.731677083333334), 'median_duration_us': np.float64(18.519), 'std_dev_duration_us': np.float64(0.6828630672700736), 'min_duration_us': np.float64(17.559), 'max_duration_us': np.float64(20.999)}]","[{'name': 'void at::native::vectorized_elementwise_kernel<4, at::native::bf...', 'stream': 0, 'mean_duration_us': np.float64(18.73)}]","[[16588800], [16588800], []]","['c10::BFloat16', 'float', 'Scalar']","[[1], [1], []]","['', '', 'False']",18.731699625651043,18.5185546875,0.6864155259881026,17.55859375,20.9990234375,1798.2431640625,96,137073
aten::copy_,"(4096, 256)","('long int', 'bool')","(256, 1)","(256, 1)",1,0.001048576,,,,,,,,0.11656201382762472,0.1170418382385001,0.008488640691097693,0.0738474431911967,0.13727203068268984,python,CPU,thread 166178 (python),,"[{'name': 'void at::native::elementwise_kernel_manual_unroll<128, 4, at::native::gpu_kernel_impl<at::native::direct_copy_kernel_cuda(at::TensorIteratorBase&)::{lambda()#3}::operator()() const::{lambda()#4}::operator()() const::{lambda(long)#1}>(at::TensorIteratorBase&, at::native::direct_copy_kernel_cuda(at::TensorIteratorBase&)::{lambda()#3}::operator()() const::{lambda()#4}::operator()() const::{lambda(long)#1} const&)::{lambda(int, bool)#1}>(int, at::native::gpu_kernel_impl<at::native::direct_copy_kernel_cuda(at::TensorIteratorBase&)::{lambda()#3}::operator()() const::{lambda()#4}::operator()() const::{lambda(long)#1}>(at::TensorIteratorBase&, at::native::direct_copy_kernel_cuda(at::TensorIteratorBase&)::{lambda()#3}::operator()() const::{lambda()#4}::operator()() const::{lambda(long)#1} const&)::{lambda(int, bool)#1})', 'stream': 0, 'count': 192, 'total_duration_us': np.float64(1738.626), 'mean_duration_us': np.float64(9.05534375), 'median_duration_us': np.float64(8.959), 'std_dev_duration_us': np.float64(0.8370324917544146), 'min_duration_us': np.float64(7.639), 'max_duration_us': np.float64(14.199)}]","[{'name': 'void at::native::elementwise_kernel_manual_unroll<128, 4, at::na...', 'stream': 0, 'mean_duration_us': np.float64(9.06)}]","[[4096, 256], [4096, 256], []]","['long int', 'bool', 'Scalar']","[[256, 1], [256, 1], []]","['', '', 'False']",9.055343627929688,8.958984375,0.8392308006191943,7.638671875,14.19921875,1738.6259765625,192,341
aten::copy_,"(32, 32768)","('c10::BFloat16', 'c10::BFloat16')","(32768, 1)","(1, 32)",1,0.001048576,4.0,0.25,0.5423782834302909,0.5433916113360324,0.01606734648956302,0.49469791476618286,0.5958611675915649,0.13559457085757273,0.1358479028340081,0.004016836622390755,0.12367447869154571,0.14896529189789123,python,CPU,thread 166178 (python),vector_bf16,"[{'name': 'void at::native::elementwise_kernel_manual_unroll<128, 8, at::native::gpu_kernel_impl_nocast<at::native::direct_copy_kernel_cuda(at::TensorIteratorBase&)::{lambda()#3}::operator()() const::{lambda()#12}::operator()() const::{lambda(c10::BFloat16)#1}>(at::TensorIteratorBase&, at::native::direct_copy_kernel_cuda(at::TensorIteratorBase&)::{lambda()#3}::operator()() const::{lambda()#12}::operator()() const::{lambda(c10::BFloat16)#1} const&)::{lambda(int, bool)#1}>(int, at::native::gpu_kernel_impl_nocast<at::native::direct_copy_kernel_cuda(at::TensorIteratorBase&)::{lambda()#3}::operator()() const::{lambda()#12}::operator()() const::{lambda(c10::BFloat16)#1}>(at::TensorIteratorBase&, at::native::direct_copy_kernel_cuda(at::TensorIteratorBase&)::{lambda()#3}::operator()() const::{lambda()#12}::operator()() const::{lambda(c10::BFloat16)#1} const&)::{lambda(int, bool)#1})', 'stream': 0, 'count': 192, 'total_duration_us': np.float64(1486.098), 'mean_duration_us': np.float64(7.74009375), 'median_duration_us': np.float64(7.719), 'std_dev_duration_us': np.float64(0.22998392507797322), 'min_duration_us': np.float64(7.039), 'max_duration_us': np.float64(8.479)}]","[{'name': 'void at::native::elementwise_kernel_manual_unroll<128, 8, at::na...', 'stream': 0, 'mean_duration_us': np.float64(7.74)}]","[[32, 32768], [32, 32768], []]","['c10::BFloat16', 'c10::BFloat16', 'Scalar']","[[32768, 1], [1, 32], []]","['', '', 'False']",7.739959716796875,7.71875,0.23062458434868743,7.0390625,8.478515625,1486.072265625,192,538
aten::copy_,"(8,)","('long int', 'long int')","(1,)","(1,)",1,8e-09,0.0001220703125,0.0625,3.388304991617596e-05,3.442016806722689e-05,2.00471182288972e-06,2.091796999680817e-05,3.6797304884896125e-05,2.1176906197609973e-06,2.1512605042016806e-06,1.252944889306075e-07,1.3073731248005106e-06,2.299831555306008e-06,python,CPU,thread 166178 (python),,"[{'name': 'Memcpy DtoD (Device -> Device)', 'stream': 12, 'count': 384, 'total_duration_us': np.float64(1456.584), 'mean_duration_us': np.float64(3.7931875), 'median_duration_us': np.float64(3.719), 'std_dev_duration_us': np.float64(0.26147415871761276), 'min_duration_us': np.float64(3.479), 'max_duration_us': np.float64(6.119)}]","[{'name': 'Memcpy DtoD (Device -> Device)', 'stream': 12, 'mean_duration_us': np.float64(3.79)}]","[[8], [8], []]","['long int', 'long int', 'Scalar']","[[1], [1], []]","['', '', 'True']",3.7929840087890625,3.71875,0.26196317563250965,3.478515625,6.119140625,1456.505859375,384,461
aten::copy_,"(64,)","('c10::BFloat16', 'float')","(1,)","(1,)",1,6.4e-08,0.0003662109375,0.16666666666666666,6.493647700869036e-05,6.358602846054334e-05,1.9318552231978906e-05,3.3685941917244925e-05,9.899697885196376e-05,1.0822746168115059e-05,1.0597671410090555e-05,3.2197587053298186e-06,5.6143236528741545e-06,1.6499496475327293e-05,python,CPU,thread 166178 (python),vector_bf16,"[{'name': 'void at::native::vectorized_elementwise_kernel<4, at::native::bfloat16_copy_kernel_cuda(at::TensorIteratorBase&)::{lambda(float)#1}, std::array<char*, 2ul> >(int, at::native::bfloat16_copy_kernel_cuda(at::TensorIteratorBase&)::{lambda(float)#1}, std::array<char*, 2ul>)', 'stream': 0, 'count': 216, 'total_duration_us': np.float64(1396.597), 'mean_duration_us': np.float64(6.465726851851851), 'median_duration_us': np.float64(6.039), 'std_dev_duration_us': np.float64(1.93872375795247), 'min_duration_us': np.float64(3.879), 'max_duration_us': np.float64(11.399)}]","[{'name': 'void at::native::vectorized_elementwise_kernel<4, at::native::bf...', 'stream': 0, 'mean_duration_us': np.float64(6.47)}]","[[64], [64], []]","['c10::BFloat16', 'float', 'Scalar']","[[1], [1], []]","['', '', 'False']",6.465725368923611,6.0390625,1.9431773733887914,3.87890625,11.3994140625,1396.5966796875,216,136960
aten::copy_,"(4096, 256)","('float', 'float')","(256, 1)","(0, 1)",1,0.001048576,8.0,0.125,1.3115890201312688,1.3359694954222117,0.31076918481001503,0.7085650904891528,1.8895588631764189,0.1639486275164086,0.16699618692777646,0.03884614810125188,0.0885706363111441,0.23619485789705236,python,CPU,thread 166796 (pt_autograd_0),vector_fp32,"[{'name': 'void at::native::elementwise_kernel_manual_unroll<128, 4, at::native::gpu_kernel_impl_nocast<at::native::direct_copy_kernel_cuda(at::TensorIteratorBase&)::{lambda()#3}::operator()() const::{lambda()#7}::operator()() const::{lambda(float)#1}>(at::TensorIteratorBase&, at::native::direct_copy_kernel_cuda(at::TensorIteratorBase&)::{lambda()#3}::operator()() const::{lambda()#7}::operator()() const::{lambda(float)#1} const&)::{lambda(int, bool)#1}>(int, at::native::gpu_kernel_impl_nocast<at::native::direct_copy_kernel_cuda(at::TensorIteratorBase&)::{lambda()#3}::operator()() const::{lambda()#7}::operator()() const::{lambda(float)#1}>(at::TensorIteratorBase&, at::native::direct_copy_kernel_cuda(at::TensorIteratorBase&)::{lambda()#3}::operator()() const::{lambda()#7}::operator()() const::{lambda(float)#1} const&)::{lambda(int, bool)#1})', 'stream': 0, 'count': 192, 'total_duration_us': np.float64(1302.063), 'mean_duration_us': np.float64(6.781578125), 'median_duration_us': np.float64(6.279), 'std_dev_duration_us': np.float64(1.6833980683119736), 'min_duration_us': np.float64(4.439), 'max_duration_us': np.float64(11.839)}]","[{'name': 'void at::native::elementwise_kernel_manual_unroll<128, 4, at::na...', 'stream': 0, 'mean_duration_us': np.float64(6.78)}]","[[4096, 256], [4096, 256], []]","['float', 'float', 'Scalar']","[[256, 1], [0, 1], []]","['', '', 'False']",6.781504313151042,6.279296875,1.6878523488952957,4.439453125,11.8388671875,1302.048828125,192,138679
aten::copy_,"(32, 32768)","('bool', 'bool')","(32768, 1)","(1, 32)",1,0.001048576,,,,,,,,0.1594322569221482,0.16086019835205992,0.009945783810981969,0.1285148801915021,0.17833280584620495,python,CPU,thread 166178 (python),,"[{'name': 'void at::native::elementwise_kernel_manual_unroll<128, 8, at::native::gpu_kernel_impl_nocast<at::native::direct_copy_kernel_cuda(at::TensorIteratorBase&)::{lambda()#3}::operator()() const::{lambda()#11}::operator()() const::{lambda(bool)#1}>(at::TensorIteratorBase&, at::native::direct_copy_kernel_cuda(at::TensorIteratorBase&)::{lambda()#3}::operator()() const::{lambda()#11}::operator()() const::{lambda(bool)#1} const&)::{lambda(int, bool)#1}>(int, at::native::gpu_kernel_impl_nocast<at::native::direct_copy_kernel_cuda(at::TensorIteratorBase&)::{lambda()#3}::operator()() const::{lambda()#11}::operator()() const::{lambda(bool)#1}>(at::TensorIteratorBase&, at::native::direct_copy_kernel_cuda(at::TensorIteratorBase&)::{lambda()#3}::operator()() const::{lambda()#11}::operator()() const::{lambda(bool)#1} const&)::{lambda(int, bool)#1})', 'stream': 0, 'count': 192, 'total_duration_us': np.float64(1268.136), 'mean_duration_us': np.float64(6.604875), 'median_duration_us': np.float64(6.519), 'std_dev_duration_us': np.float64(0.45057382973455823), 'min_duration_us': np.float64(5.88), 'max_duration_us': np.float64(8.159)}]","[{'name': 'void at::native::elementwise_kernel_manual_unroll<128, 8, at::na...', 'stream': 0, 'mean_duration_us': np.float64(6.6)}]","[[32, 32768], [32, 32768], []]","['bool', 'bool', 'Scalar']","[[32768, 1], [1, 32], []]","['', '', 'False']",6.6048431396484375,6.5185546875,0.45168169319232465,5.8798828125,8.1591796875,1268.1298828125,192,501
aten::copy_,"(32768, 32)","('long int', 'bool')","(32, 1)","(32, 1)",1,0.001048576,,,,,,,,0.1711816025263575,0.1747911157414944,0.01171141957999807,0.07343330761865682,0.18596152130239002,python,CPU,thread 166178 (python),,"[{'name': 'void at::native::elementwise_kernel_manual_unroll<128, 4, at::native::gpu_kernel_impl<at::native::direct_copy_kernel_cuda(at::TensorIteratorBase&)::{lambda()#3}::operator()() const::{lambda()#4}::operator()() const::{lambda(long)#1}>(at::TensorIteratorBase&, at::native::direct_copy_kernel_cuda(at::TensorIteratorBase&)::{lambda()#3}::operator()() const::{lambda()#4}::operator()() const::{lambda(long)#1} const&)::{lambda(int, bool)#1}>(int, at::native::gpu_kernel_impl<at::native::direct_copy_kernel_cuda(at::TensorIteratorBase&)::{lambda()#3}::operator()() const::{lambda()#4}::operator()() const::{lambda(long)#1}>(at::TensorIteratorBase&, at::native::direct_copy_kernel_cuda(at::TensorIteratorBase&)::{lambda()#3}::operator()() const::{lambda()#4}::operator()() const::{lambda(long)#1} const&)::{lambda(int, bool)#1})', 'stream': 0, 'count': 192, 'total_duration_us': np.float64(1184.705), 'mean_duration_us': np.float64(6.170338541666666), 'median_duration_us': np.float64(5.999), 'std_dev_duration_us': np.float64(0.6996578516302617), 'min_duration_us': np.float64(5.639), 'max_duration_us': np.float64(14.279)}]","[{'name': 'void at::native::elementwise_kernel_manual_unroll<128, 4, at::na...', 'stream': 0, 'mean_duration_us': np.float64(6.17)}]","[[32768, 32], [32768, 32], []]","['long int', 'bool', 'Scalar']","[[32, 1], [32, 1], []]","['', '', 'False']",6.170359293619792,5.9990234375,0.7015328373330693,5.638671875,14.279296875,1184.708984375,192,417
aten::copy_,"(8, 4096, 2880)","('c10::BFloat16', 'c10::BFloat16')","(11796480, 2880, 1)","(2880, 23040, 1)",1,0.09437184,360.0,0.25,2.5590616267322694,2.5937006338523156,0.15148697238713493,2.2049470172096126,2.687097638839649,0.6397654066830674,0.6484251584630789,0.03787174309678373,0.5512367543024032,0.6717744097099122,python,CPU,thread 166796 (pt_autograd_0),vector_bf16,"[{'name': 'void at::native::elementwise_kernel_manual_unroll<128, 8, at::native::gpu_kernel_impl_nocast<at::native::direct_copy_kernel_cuda(at::TensorIteratorBase&)::{lambda()#3}::operator()() const::{lambda()#12}::operator()() const::{lambda(c10::BFloat16)#1}>(at::TensorIteratorBase&, at::native::direct_copy_kernel_cuda(at::TensorIteratorBase&)::{lambda()#3}::operator()() const::{lambda()#12}::operator()() const::{lambda(c10::BFloat16)#1} const&)::{lambda(int, bool)#1}>(int, at::native::gpu_kernel_impl_nocast<at::native::direct_copy_kernel_cuda(at::TensorIteratorBase&)::{lambda()#3}::operator()() const::{lambda()#12}::operator()() const::{lambda(c10::BFloat16)#1}>(at::TensorIteratorBase&, at::native::direct_copy_kernel_cuda(at::TensorIteratorBase&)::{lambda()#3}::operator()() const::{lambda()#12}::operator()() const::{lambda(c10::BFloat16)#1} const&)::{lambda(int, bool)#1})', 'stream': 0, 'count': 8, 'total_duration_us': np.float64(1184.123), 'mean_duration_us': np.float64(148.015375), 'median_duration_us': np.float64(145.5405), 'std_dev_duration_us': np.float64(9.136106609731245), 'min_duration_us': np.float64(140.481), 'max_duration_us': np.float64(171.2)}]","[{'name': 'void at::native::elementwise_kernel_manual_unroll<128, 8, at::na...', 'stream': 0, 'mean_duration_us': np.float64(148.02)}]","[[8, 4096, 2880], [8, 4096, 2880], []]","['c10::BFloat16', 'c10::BFloat16', 'Scalar']","[[11796480, 2880, 1], [2880, 23040, 1], []]","['', '', 'False']",148.015380859375,145.54052734375,9.766989884390242,140.4814453125,171.2001953125,1184.123046875,8,159342
aten::copy_,"(32768, 4)","('long int', 'long int')","(4, 1)","(1, 0)",1,0.000131072,2.0,0.0625,0.3682445137047421,0.38140700035625386,0.04272426339778244,0.19277232028725313,0.4161790015503876,0.02301528210654638,0.023837937522265866,0.0026702664623614023,0.012048270017953321,0.026011187596899226,python,CPU,thread 166178 (python),,"[{'name': 'void at::native::elementwise_kernel_manual_unroll<128, 4, at::native::gpu_kernel_impl_nocast<at::native::direct_copy_kernel_cuda(at::TensorIteratorBase&)::{lambda()#3}::operator()() const::{lambda()#4}::operator()() const::{lambda(long)#1}>(at::TensorIteratorBase&, at::native::direct_copy_kernel_cuda(at::TensorIteratorBase&)::{lambda()#3}::operator()() const::{lambda()#4}::operator()() const::{lambda(long)#1} const&)::{lambda(int, bool)#1}>(int, at::native::gpu_kernel_impl_nocast<at::native::direct_copy_kernel_cuda(at::TensorIteratorBase&)::{lambda()#3}::operator()() const::{lambda()#4}::operator()() const::{lambda(long)#1}>(at::TensorIteratorBase&, at::native::direct_copy_kernel_cuda(at::TensorIteratorBase&)::{lambda()#3}::operator()() const::{lambda()#4}::operator()() const::{lambda(long)#1} const&)::{lambda(int, bool)#1})', 'stream': 0, 'count': 192, 'total_duration_us': np.float64(1113.936), 'mean_duration_us': np.float64(5.801749999999999), 'median_duration_us': np.float64(5.4990000000000006), 'std_dev_duration_us': np.float64(0.9552187685725889), 'min_duration_us': np.float64(5.039), 'max_duration_us': np.float64(10.879)}]","[{'name': 'void at::native::elementwise_kernel_manual_unroll<128, 4, at::na...', 'stream': 0, 'mean_duration_us': np.float64(5.8)}]","[[32768, 4], [32768, 4], []]","['long int', 'long int', 'Scalar']","[[4, 1], [1, 0], []]","['', '', 'False']",5.8018544514973955,5.49853515625,0.9576579144785712,5.0390625,10.87890625,1113.9560546875,192,391
aten::copy_,"(32768, 32)","('c10::BFloat16', 'c10::BFloat16')","(32, 1)","(32, 1)",1,0.001048576,4.0,0.25,0.7379385901890613,0.7385379292835845,0.06465805323340669,0.5608471266649255,1.1041047033419022,0.18448464754726532,0.18463448232089613,0.016164513308351672,0.14021178166623138,0.27602617583547556,python,CPU,thread 166178 (python),vector_bf16,"[{'name': 'Memcpy DtoD (Device -> Device)', 'stream': 0, 'count': 192, 'total_duration_us': np.float64(1099.222), 'mean_duration_us': np.float64(5.725114583333333), 'median_duration_us': np.float64(5.6795), 'std_dev_duration_us': np.float64(0.48288647884776503), 'min_duration_us': np.float64(3.799), 'max_duration_us': np.float64(7.479)}]","[{'name': 'Memcpy DtoD (Device -> Device)', 'stream': 0, 'mean_duration_us': np.float64(5.73)}]","[[32768, 32], [32768, 32], []]","['c10::BFloat16', 'c10::BFloat16', 'Scalar']","[[32, 1], [32, 1], []]","['', '', 'False']",5.725148518880208,5.67919921875,0.4841179959688808,3.798828125,7.478515625,1099.228515625,192,287
aten::copy_,"(4096, 8, 32)","('c10::BFloat16', 'c10::BFloat16')","(256, 32, 1)","(256, 32, 1)",1,0.001048576,4.0,0.25,0.7559468829428507,0.7438460852095601,0.06518137116093534,0.5858637697449188,1.0925889839735436,0.18898672073571268,0.18596152130239002,0.016295342790233834,0.1464659424362297,0.2731472459933859,python,CPU,thread 166178 (python),vector_bf16,"[{'name': 'Memcpy DtoD (Device -> Device)', 'stream': 0, 'count': 192, 'total_duration_us': np.float64(1073.1370000000002), 'mean_duration_us': np.float64(5.589255208333334), 'median_duration_us': np.float64(5.639), 'std_dev_duration_us': np.float64(0.48101334275711444), 'min_duration_us': np.float64(3.839), 'max_duration_us': np.float64(7.159)}]","[{'name': 'Memcpy DtoD (Device -> Device)', 'stream': 0, 'mean_duration_us': np.float64(5.59)}]","[[4096, 8, 32], [4096, 8, 32], []]","['c10::BFloat16', 'c10::BFloat16', 'Scalar']","[[256, 32, 1], [256, 32, 1], []]","['', '', 'False']",5.5892995198567705,5.638671875,0.48223030722785565,3.8388671875,7.1591796875,1073.1455078125,192,252
aten::copy_,"(4,)","('long int', 'long int')","(1,)","(1,)",1,4e-09,6.103515625e-05,0.0625,1.1569720902303492e-05,1.1270163370593294e-05,9.494832061591856e-07,8.889853499728703e-06,1.3336589336589337e-05,7.231075563939683e-07,7.043852106620809e-07,5.93427003849491e-08,5.556158437330439e-07,8.335368335368335e-07,python,CPU,thread 166178 (python),,"[{'name': 'Memcpy DtoD (Device -> Device)', 'stream': 12, 'count': 192, 'total_duration_us': np.float64(1069.414), 'mean_duration_us': np.float64(5.569864583333334), 'median_duration_us': np.float64(5.679), 'std_dev_duration_us': np.float64(0.46957062877944833), 'min_duration_us': np.float64(4.799), 'max_duration_us': np.float64(7.199)}]","[{'name': 'Memcpy DtoD (Device -> Device)', 'stream': 12, 'mean_duration_us': np.float64(5.57)}]","[[4], [4], []]","['long int', 'long int', 'Scalar']","[[1], [1], []]","['', '', 'True']",5.569875081380208,5.6787109375,0.47075744093644867,4.798828125,7.19921875,1069.416015625,192,456
aten::copy_,"(8294400,)","('c10::BFloat16', 'float')","(1,)","(1,)",1,0.0082944,47.4609375,0.16666666666666666,4.6197467270875405,4.64292944606414,0.22496609866429026,3.504868885832187,4.996646102559074,0.7699577878479235,0.7738215743440233,0.03749434977738174,0.5841448143053645,0.8327743504265124,python,CPU,thread 166178 (python),vector_bf16,"[{'name': 'void at::native::vectorized_elementwise_kernel<4, at::native::bfloat16_copy_kernel_cuda(at::TensorIteratorBase&)::{lambda(float)#1}, std::array<char*, 2ul> >(int, at::native::bfloat16_copy_kernel_cuda(at::TensorIteratorBase&)::{lambda(float)#1}, std::array<char*, 2ul>)', 'stream': 0, 'count': 96, 'total_duration_us': np.float64(1036.954), 'mean_duration_us': np.float64(10.801604166666666), 'median_duration_us': np.float64(10.719), 'std_dev_duration_us': np.float64(0.6032985627497983), 'min_duration_us': np.float64(9.96), 'max_duration_us': np.float64(14.199)}]","[{'name': 'void at::native::vectorized_elementwise_kernel<4, at::native::bf...', 'stream': 0, 'mean_duration_us': np.float64(10.8)}]","[[8294400], [8294400], []]","['c10::BFloat16', 'float', 'Scalar']","[[1], [1], []]","['', '', 'False']",10.80157470703125,10.71875,0.6064882306093974,9.9599609375,14.19921875,1036.951171875,96,137057
aten::copy_,"(1, 8, 4)","('long int', 'long int')","(32, 4, 1)","(32, 32, 1)",1,3.2e-08,0.00048828125,0.0625,9.599167227909445e-05,9.772376514445479e-05,9.972450711643414e-06,7.033646364368124e-05,0.00014071068169618895,5.999479517443403e-06,6.1077353215284246e-06,6.232781694777134e-07,4.3960289777300775e-06,8.794417606011809e-06,python,CPU,thread 166178 (python),,"[{'name': 'void at::native::elementwise_kernel_manual_unroll<128, 4, at::native::gpu_kernel_impl_nocast<at::native::direct_copy_kernel_cuda(at::TensorIteratorBase&)::{lambda()#3}::operator()() const::{lambda()#4}::operator()() const::{lambda(long)#1}>(at::TensorIteratorBase&, at::native::direct_copy_kernel_cuda(at::TensorIteratorBase&)::{lambda()#3}::operator()() const::{lambda()#4}::operator()() const::{lambda(long)#1} const&)::{lambda(int, bool)#1}>(int, at::native::gpu_kernel_impl_nocast<at::native::direct_copy_kernel_cuda(at::TensorIteratorBase&)::{lambda()#3}::operator()() const::{lambda()#4}::operator()() const::{lambda(long)#1}>(at::TensorIteratorBase&, at::native::direct_copy_kernel_cuda(at::TensorIteratorBase&)::{lambda()#3}::operator()() const::{lambda()#4}::operator()() const::{lambda(long)#1} const&)::{lambda(int, bool)#1})', 'stream': 0, 'count': 192, 'total_duration_us': np.float64(1035.8980000000001), 'mean_duration_us': np.float64(5.395302083333334), 'median_duration_us': np.float64(5.239), 'std_dev_duration_us': np.float64(0.6031967983135021), 'min_duration_us': np.float64(3.639), 'max_duration_us': np.float64(7.279)}]","[{'name': 'void at::native::elementwise_kernel_manual_unroll<128, 4, at::na...', 'stream': 0, 'mean_duration_us': np.float64(5.4)}]","[[1, 8, 4], [1, 8, 4], []]","['long int', 'long int', 'Scalar']","[[32, 4, 1], [32, 32, 1], []]","['', '', 'False']",5.3952891031901045,5.2392578125,0.6047856919757001,3.638671875,7.279296875,1035.8955078125,192,438
aten::copy_,"(4096, 8, 2880)","('c10::BFloat16', 'c10::BFloat16')","(23040, 2880, 1)","(2880, 11796480, 1)",1,0.09437184,360.0,0.25,2.9435014446224512,2.977053881024969,0.09609270513780192,2.7275021283922047,3.0296030773571596,0.7358753611556128,0.7442634702562423,0.02402317628445048,0.6818755320980512,0.7574007693392899,python,CPU,thread 166178 (python),vector_bf16,"[{'name': 'void at::native::elementwise_kernel_manual_unroll<128, 8, at::native::gpu_kernel_impl_nocast<at::native::direct_copy_kernel_cuda(at::TensorIteratorBase&)::{lambda()#3}::operator()() const::{lambda()#12}::operator()() const::{lambda(c10::BFloat16)#1}>(at::TensorIteratorBase&, at::native::direct_copy_kernel_cuda(at::TensorIteratorBase&)::{lambda()#3}::operator()() const::{lambda()#12}::operator()() const::{lambda(c10::BFloat16)#1} const&)::{lambda(int, bool)#1}>(int, at::native::gpu_kernel_impl_nocast<at::native::direct_copy_kernel_cuda(at::TensorIteratorBase&)::{lambda()#3}::operator()() const::{lambda()#12}::operator()() const::{lambda(c10::BFloat16)#1}>(at::TensorIteratorBase&, at::native::direct_copy_kernel_cuda(at::TensorIteratorBase&)::{lambda()#3}::operator()() const::{lambda()#12}::operator()() const::{lambda(c10::BFloat16)#1} const&)::{lambda(int, bool)#1})', 'stream': 0, 'count': 8, 'total_duration_us': np.float64(1026.962), 'mean_duration_us': np.float64(128.37025), 'median_duration_us': np.float64(126.8005), 'std_dev_duration_us': np.float64(4.124699405714315), 'min_duration_us': np.float64(124.6), 'max_duration_us': np.float64(138.4)}]","[{'name': 'void at::native::elementwise_kernel_manual_unroll<128, 8, at::na...', 'stream': 0, 'mean_duration_us': np.float64(128.37)}]","[[4096, 8, 2880], [4096, 8, 2880], []]","['c10::BFloat16', 'c10::BFloat16', 'Scalar']","[[23040, 2880, 1], [2880, 11796480, 1], []]","['', '', 'False']",128.3702392578125,126.80078125,4.409603383027142,124.599609375,138.400390625,1026.9619140625,8,108
aten::copy_,"(1,)","('long int', 'long int')","(1,)","(1,)",1,1e-09,1.52587890625e-05,0.0625,4.472785563506044e-06,4.470528762844959e-06,9.807107159385186e-08,4.211825192802056e-06,4.820241247425713e-06,2.7954909771912773e-07,2.7940804767780995e-07,6.129441974615741e-09,2.632390745501285e-07,3.0126507796410707e-07,python,CPU,thread 166178 (python),,"[{'name': 'Memcpy DtoD (Device -> Device)', 'stream': 12, 'count': 192, 'total_duration_us': np.float64(687.213), 'mean_duration_us': np.float64(3.579234375), 'median_duration_us': np.float64(3.5795000000000003), 'std_dev_duration_us': np.float64(0.07798619179076528), 'min_duration_us': np.float64(3.319), 'max_duration_us': np.float64(3.799)}]","[{'name': 'Memcpy DtoD (Device -> Device)', 'stream': 12, 'mean_duration_us': np.float64(3.58)}]","[[1], [1], []]","['long int', 'long int', 'Scalar']","[[1], [1], []]","['', '', 'True']",3.578893025716146,3.5791015625,0.07816602801303124,3.3193359375,3.798828125,687.1474609375,192,481
aten::copy_,"(8, 4)","('long int', 'long int')","(4, 1)","(4, 1)",1,3.2e-08,0.00048828125,0.0625,0.0001433138249645845,0.00014227625508819538,3.0441973034804727e-06,0.0001347784061696658,0.00015424771991762282,8.957114060286531e-06,8.892265943012211e-06,1.9026233146752955e-07,8.423650385604113e-06,9.640482494851426e-06,python,CPU,thread 166178 (python),,"[{'name': 'Memcpy DtoD (Device -> Device)', 'stream': 12, 'count': 192, 'total_duration_us': np.float64(686.3009999999999), 'mean_duration_us': np.float64(3.5744843749999995), 'median_duration_us': np.float64(3.599), 'std_dev_duration_us': np.float64(0.07534012989453914), 'min_duration_us': np.float64(3.319), 'max_duration_us': np.float64(3.799)}]","[{'name': 'Memcpy DtoD (Device -> Device)', 'stream': 12, 'mean_duration_us': np.float64(3.57)}]","[[8, 4], [8, 4], []]","['long int', 'long int', 'Scalar']","[[4, 1], [4, 1], []]","['', '', 'True']",3.5741729736328125,3.5986328125,0.07545434822864558,3.3193359375,3.798828125,686.2412109375,192,491
aten::copy_,"(8, 4096)","('long int', 'long int')","(4096, 1)","(4096, 1)",1,3.2768e-05,0.5,0.0625,0.04742689908013848,0.04775385341888064,0.00128538643604439,0.04535915106454884,0.04928133945290986,0.002964181192508655,0.00298461583868004,8.033665225277437e-05,0.0028349469415343024,0.0030800837158068664,python,CPU,thread 166178 (python),,"[{'name': 'Memcpy HtoD (Host -> Device)', 'stream': 0, 'count': 24, 'total_duration_us': np.float64(265.498), 'mean_duration_us': np.float64(11.062416666666666), 'median_duration_us': np.float64(10.979), 'std_dev_duration_us': np.float64(0.2939927602094234), 'min_duration_us': np.float64(10.639), 'max_duration_us': np.float64(11.559)}]","[{'name': 'Memcpy HtoD (Host -> Device)', 'stream': 0, 'mean_duration_us': np.float64(11.06)}]","[[8, 4096], [8, 4096], []]","['long int', 'long int', 'Scalar']","[[4096, 1], [4096, 1], []]","['', '', 'True']",11.062459309895834,10.97900390625,0.30053721428712815,10.638671875,11.55859375,265.4990234375,24,13
aten::copy_,"(6440368,)","('c10::BFloat16', 'float')","(1,)","(1,)",1,0.006440368,36.852081298828125,0.16666666666666666,4.052436137978888,4.0768206255924175,0.19851848042113637,3.487846715910093,4.3132353381294966,0.6754060229964814,0.6794701042654029,0.03308641340352271,0.5813077859850155,0.7188725563549161,python,CPU,thread 166178 (python),vector_bf16,"[{'name': 'void at::native::vectorized_elementwise_kernel<4, at::native::bfloat16_copy_kernel_cuda(at::TensorIteratorBase&)::{lambda(float)#1}, std::array<char*, 2ul> >(int, at::native::bfloat16_copy_kernel_cuda(at::TensorIteratorBase&)::{lambda(float)#1}, std::array<char*, 2ul>)', 'stream': 0, 'count': 23, 'total_duration_us': np.float64(219.85999999999996), 'mean_duration_us': np.float64(9.559130434782606), 'median_duration_us': np.float64(9.479), 'std_dev_duration_us': np.float64(0.49287103034362334), 'min_duration_us': np.float64(8.959), 'max_duration_us': np.float64(11.079)}]","[{'name': 'void at::native::vectorized_elementwise_kernel<4, at::native::bf...', 'stream': 0, 'mean_duration_us': np.float64(9.56)}]","[[6440368], [6440368], []]","['c10::BFloat16', 'float', 'Scalar']","[[1], [1], []]","['', '', 'False']",9.559103260869565,9.478515625,0.5038695905443458,8.958984375,11.0791015625,219.859375,23,136860
aten::copy_,(),"('long int', None)",(),,1,1e-09,1.52587890625e-05,0.0625,3.3995818355861657e-06,3.4731290442686794e-06,1.1360518199504197e-06,2.128068580335108e-06,4.762790697674419e-06,2.1247386472413536e-07,2.1707056526679246e-07,7.100323874690123e-08,1.3300428627094426e-07,2.9767441860465116e-07,python,CPU,thread 166178 (python),,"[{'name': 'Memcpy HtoD (Host -> Device)', 'stream': 0, 'count': 16, 'total_duration_us': np.float64(84.184), 'mean_duration_us': np.float64(5.2615), 'median_duration_us': np.float64(4.799), 'std_dev_duration_us': np.float64(1.7260341103234316), 'min_duration_us': np.float64(3.359), 'max_duration_us': np.float64(7.519)}]","[{'name': 'Memcpy HtoD (Host -> Device)', 'stream': 0, 'mean_duration_us': np.float64(5.26)}]","[[], [], []]","['long int', 'long int', 'Scalar']","[[], [], []]","['', '', 'False']",5.261474609375,4.798828125,1.7826367250627595,3.359375,7.5185546875,84.18359375,16,49
aten::copy_,"(8, 4096)","('float', 'float')","(4096, 1)","(4096, 1)",1,3.2768e-05,0.25,0.125,0.02975249583014597,0.029658099215556292,0.0009605859945159993,0.028008707846410682,0.031061728303633417,0.003719061978768246,0.0037072624019445365,0.00012007324931449991,0.0035010884808013352,0.003882716037954177,python,CPU,thread 166178 (python),vector_fp32,"[{'name': 'Memcpy HtoD (Host -> Device)', 'stream': 0, 'count': 8, 'total_duration_us': np.float64(70.552), 'mean_duration_us': np.float64(8.819), 'median_duration_us': np.float64(8.839), 'std_dev_duration_us': np.float64(0.26981475126464083), 'min_duration_us': np.float64(8.439), 'max_duration_us': np.float64(9.359)}]","[{'name': 'Memcpy HtoD (Host -> Device)', 'stream': 0, 'mean_duration_us': np.float64(8.82)}]","[[8, 4096], [8, 4096], []]","['float', 'float', 'Scalar']","[[4096, 1], [4096, 1], []]","['', '', 'True']",8.8189697265625,8.8388671875,0.28854214289683144,8.439453125,9.359375,70.5517578125,8,21
aten::copy_,(),"('float', None)",(),,1,1e-09,7.62939453125e-06,0.125,1.845142091896221e-06,1.8436310034626752e-06,5.398116128696384e-08,1.7549271636675235e-06,1.961216183864017e-06,2.3064276148702763e-07,2.304538754328344e-07,6.74764516087048e-09,2.1936589545844043e-07,2.4515202298300214e-07,python,CPU,thread 166178 (python),vector_fp32,"[{'name': 'Memcpy DtoD (Device -> Device)', 'stream': 0, 'count': 16, 'total_duration_us': np.float64(69.424), 'mean_duration_us': np.float64(4.339), 'median_duration_us': np.float64(4.339), 'std_dev_duration_us': np.float64(0.12247448713915901), 'min_duration_us': np.float64(4.079), 'max_duration_us': np.float64(4.559)}]","[{'name': 'Memcpy DtoD (Device -> Device)', 'stream': 0, 'mean_duration_us': np.float64(4.34)}]","[[], [], []]","['float', 'float', 'Scalar']","[[], [], []]","['', '', 'False']",4.33917236328125,4.33935546875,0.12633700592587543,4.0791015625,4.55859375,69.4267578125,16,17123
aten::copy_,"(36034560,)","('c10::BFloat16', 'float')","(1,)","(1,)",1,0.03603456,206.19140625,0.16666666666666666,4.62388706668616,4.62388706668616,,4.62388706668616,4.62388706668616,0.7706478444476932,0.7706478444476932,,0.7706478444476932,0.7706478444476932,python,CPU,thread 166178 (python),vector_bf16,"[{'name': 'void at::native::vectorized_elementwise_kernel<4, at::native::bfloat16_copy_kernel_cuda(at::TensorIteratorBase&)::{lambda(float)#1}, std::array<char*, 2ul> >(int, at::native::bfloat16_copy_kernel_cuda(at::TensorIteratorBase&)::{lambda(float)#1}, std::array<char*, 2ul>)', 'stream': 0, 'count': 1, 'total_duration_us': np.float64(46.759), 'mean_duration_us': np.float64(46.759), 'median_duration_us': np.float64(46.759), 'std_dev_duration_us': np.float64(0.0), 'min_duration_us': np.float64(46.759), 'max_duration_us': np.float64(46.759)}]","[{'name': 'void at::native::vectorized_elementwise_kernel<4, at::native::bf...', 'stream': 0, 'mean_duration_us': np.float64(46.76)}]","[[36034560], [36034560], []]","['c10::BFloat16', 'float', 'Scalar']","[[1], [1], []]","['', '', 'False']",46.7587890625,46.7587890625,,46.7587890625,46.7587890625,46.7587890625,1,136852
aten::copy_,"(1,)","('float', 'float')","(1,)","(1,)",1,1e-09,7.62939453125e-06,0.125,2.7483301228828855e-06,3.389325610260654e-06,9.434274020006282e-07,1.4816422499547838e-06,3.7751152073732716e-06,3.435412653603607e-07,4.2366570128258174e-07,1.1792842525007853e-07,1.8520528124434797e-07,4.7188940092165895e-07,python,CPU,thread 166178 (python),vector_fp32,"[{'name': 'Memcpy DtoD (Device -> Device)', 'stream': 0, 'count': 14, 'total_duration_us': np.float64(46.428), 'mean_duration_us': np.float64(3.3162857142857143), 'median_duration_us': np.float64(2.36), 'std_dev_duration_us': np.float64(1.2387337675783185), 'min_duration_us': np.float64(2.119), 'max_duration_us': np.float64(5.399)}]","[{'name': 'Memcpy DtoD (Device -> Device)', 'stream': 0, 'mean_duration_us': np.float64(3.32)}]","[[1], [1], []]","['float', 'float', 'Scalar']","[[1], [1], []]","['', '', 'False']",3.3164760044642856,2.3603515625,1.2854063864171674,2.119140625,5.3994140625,46.4306640625,14,17170
aten::copy_,"(4096, 8)","('long int', 'long int')","(8, 1)","(1, 4096)",1,3.2768e-05,0.5,0.0625,0.10786878147315082,0.10702280029495106,0.0030855829526412306,0.10322455527783118,0.11205821582133166,0.006741798842071926,0.0066889250184344416,0.0001928489345400769,0.006451534704864449,0.007003638488833229,python,CPU,thread 166178 (python),,"[{'name': 'void at::native::elementwise_kernel_manual_unroll<128, 4, at::native::gpu_kernel_impl_nocast<at::native::direct_copy_kernel_cuda(at::TensorIteratorBase&)::{lambda()#3}::operator()() const::{lambda()#4}::operator()() const::{lambda(long)#1}>(at::TensorIteratorBase&, at::native::direct_copy_kernel_cuda(at::TensorIteratorBase&)::{lambda()#3}::operator()() const::{lambda()#4}::operator()() const::{lambda(long)#1} const&)::{lambda(int, bool)#1}>(int, at::native::gpu_kernel_impl_nocast<at::native::direct_copy_kernel_cuda(at::TensorIteratorBase&)::{lambda()#3}::operator()() const::{lambda()#4}::operator()() const::{lambda(long)#1}>(at::TensorIteratorBase&, at::native::direct_copy_kernel_cuda(at::TensorIteratorBase&)::{lambda()#3}::operator()() const::{lambda()#4}::operator()() const::{lambda(long)#1} const&)::{lambda(int, bool)#1})', 'stream': 0, 'count': 8, 'total_duration_us': np.float64(38.912), 'mean_duration_us': np.float64(4.864), 'median_duration_us': np.float64(4.898999999999999), 'std_dev_duration_us': np.float64(0.12951833846988592), 'min_duration_us': np.float64(4.679), 'max_duration_us': np.float64(5.079)}]","[{'name': 'void at::native::elementwise_kernel_manual_unroll<128, 4, at::na...', 'stream': 0, 'mean_duration_us': np.float64(4.86)}]","[[4096, 8], [4096, 8], []]","['long int', 'long int', 'Scalar']","[[8, 1], [1, 4096], []]","['', '', 'False']",4.8638916015625,4.89892578125,0.1385961437095426,4.6787109375,5.0791015625,38.9111328125,8,17063
aten::copy_,"(36034512,)","('c10::BFloat16', 'float')","(1,)","(1,)",1,0.036034512,206.19113159179688,0.16666666666666666,5.572515522980116,5.572515522980116,,5.572515522980116,5.572515522980116,0.9287525871633525,0.9287525871633525,,0.9287525871633525,0.9287525871633525,python,CPU,thread 166178 (python),vector_bf16,"[{'name': 'void at::native::vectorized_elementwise_kernel<4, at::native::bfloat16_copy_kernel_cuda(at::TensorIteratorBase&)::{lambda(float)#1}, std::array<char*, 2ul> >(int, at::native::bfloat16_copy_kernel_cuda(at::TensorIteratorBase&)::{lambda(float)#1}, std::array<char*, 2ul>)', 'stream': 0, 'count': 1, 'total_duration_us': np.float64(38.799), 'mean_duration_us': np.float64(38.799), 'median_duration_us': np.float64(38.799), 'std_dev_duration_us': np.float64(0.0), 'min_duration_us': np.float64(38.799), 'max_duration_us': np.float64(38.799)}]","[{'name': 'void at::native::vectorized_elementwise_kernel<4, at::native::bf...', 'stream': 0, 'mean_duration_us': np.float64(38.8)}]","[[36034512], [36034512], []]","['c10::BFloat16', 'float', 'Scalar']","[[1], [1], []]","['', '', 'False']",38.798828125,38.798828125,,38.798828125,38.798828125,38.798828125,1,136952
aten::copy_,"(8, 4096)","('float', 'float')","(4096, 1)","(1, 8)",1,3.2768e-05,0.25,0.125,0.05877977193246591,0.058270925667202225,0.0019756685241815414,0.05700476874070928,0.06183723934577286,0.007347471491558239,0.007283865708400278,0.00024695856552269267,0.00712559609258866,0.007729654918221607,python,CPU,thread 166178 (python),vector_fp32,"[{'name': 'void at::native::elementwise_kernel_manual_unroll<128, 4, at::native::gpu_kernel_impl_nocast<at::native::direct_copy_kernel_cuda(at::TensorIteratorBase&)::{lambda()#3}::operator()() const::{lambda()#7}::operator()() const::{lambda(float)#1}>(at::TensorIteratorBase&, at::native::direct_copy_kernel_cuda(at::TensorIteratorBase&)::{lambda()#3}::operator()() const::{lambda()#7}::operator()() const::{lambda(float)#1} const&)::{lambda(int, bool)#1}>(int, at::native::gpu_kernel_impl_nocast<at::native::direct_copy_kernel_cuda(at::TensorIteratorBase&)::{lambda()#3}::operator()() const::{lambda()#7}::operator()() const::{lambda(float)#1}>(at::TensorIteratorBase&, at::native::direct_copy_kernel_cuda(at::TensorIteratorBase&)::{lambda()#3}::operator()() const::{lambda()#7}::operator()() const::{lambda(float)#1} const&)::{lambda(int, bool)#1})', 'stream': 0, 'count': 8, 'total_duration_us': np.float64(35.713), 'mean_duration_us': np.float64(4.464125), 'median_duration_us': np.float64(4.499499999999999), 'std_dev_duration_us': np.float64(0.13855994866843746), 'min_duration_us': np.float64(4.239), 'max_duration_us': np.float64(4.599)}]","[{'name': 'void at::native::elementwise_kernel_manual_unroll<128, 4, at::na...', 'stream': 0, 'mean_duration_us': np.float64(4.46)}]","[[8, 4096], [8, 4096], []]","['float', 'float', 'Scalar']","[[4096, 1], [1, 8], []]","['', '', 'False']",4.464111328125,4.49951171875,0.14779800680406802,4.2392578125,4.5986328125,35.712890625,8,17101
aten::copy_,(),"('int', None)",(),,1,1e-09,,,,,,,,2.284286086872716e-07,2.283211511907262e-07,4.7850976450440764e-09,2.213097039118219e-07,2.3813953488372093e-07,python,CPU,thread 166178 (python),,"[{'name': 'void at::native::elementwise_kernel_manual_unroll<128, 4, at::native::gpu_kernel_impl<at::native::direct_copy_kernel_cuda(at::TensorIteratorBase&)::{lambda()#3}::operator()() const::{lambda()#3}::operator()() const::{lambda(int)#1}>(at::TensorIteratorBase&, at::native::direct_copy_kernel_cuda(at::TensorIteratorBase&)::{lambda()#3}::operator()() const::{lambda()#3}::operator()() const::{lambda(int)#1} const&)::{lambda(int, bool)#1}>(int, at::native::gpu_kernel_impl<at::native::direct_copy_kernel_cuda(at::TensorIteratorBase&)::{lambda()#3}::operator()() const::{lambda()#3}::operator()() const::{lambda(int)#1}>(at::TensorIteratorBase&, at::native::direct_copy_kernel_cuda(at::TensorIteratorBase&)::{lambda()#3}::operator()() const::{lambda()#3}::operator()() const::{lambda(int)#1} const&)::{lambda(int, bool)#1})', 'stream': 0, 'count': 8, 'total_duration_us': np.float64(35.033), 'mean_duration_us': np.float64(4.379125), 'median_duration_us': np.float64(4.3795), 'std_dev_duration_us': np.float64(0.08482399056281195), 'min_duration_us': np.float64(4.199), 'max_duration_us': np.float64(4.519)}]","[{'name': 'void at::native::elementwise_kernel_manual_unroll<128, 4, at::na...', 'stream': 0, 'mean_duration_us': np.float64(4.38)}]","[[], [], []]","['int', 'float', 'Scalar']","[[], [], []]","['', '', 'False']",4.37939453125,4.3798828125,0.0905551584903543,4.19921875,4.5185546875,35.03515625,8,17129
aten::copy_,"(6437904,)","('c10::BFloat16', 'float')","(1,)","(1,)",1,0.006437904,36.837982177734375,0.16666666666666666,3.8631196577790803,3.8631196577790803,,3.8631196577790803,3.8631196577790803,0.6438532762965135,0.6438532762965135,,0.6438532762965135,0.6438532762965135,python,CPU,thread 166178 (python),vector_bf16,"[{'name': 'void at::native::vectorized_elementwise_kernel<4, at::native::bfloat16_copy_kernel_cuda(at::TensorIteratorBase&)::{lambda(float)#1}, std::array<char*, 2ul> >(int, at::native::bfloat16_copy_kernel_cuda(at::TensorIteratorBase&)::{lambda(float)#1}, std::array<char*, 2ul>)', 'stream': 0, 'count': 1, 'total_duration_us': np.float64(9.999), 'mean_duration_us': np.float64(9.999), 'median_duration_us': np.float64(9.999), 'std_dev_duration_us': np.float64(0.0), 'min_duration_us': np.float64(9.999), 'max_duration_us': np.float64(9.999)}]","[{'name': 'void at::native::vectorized_elementwise_kernel<4, at::native::bf...', 'stream': 0, 'mean_duration_us': np.float64(10.0)}]","[[6437904], [6437904], []]","['c10::BFloat16', 'float', 'Scalar']","[[1], [1], []]","['', '', 'False']",9.9990234375,9.9990234375,,9.9990234375,9.9990234375,9.9990234375,1,136856
aten::copy_,"(2880,)","('c10::BFloat16', 'float')","(1,)","(1,)",1,2.88e-06,0.0164794921875,0.16666666666666666,0.004278220502901354,0.004278220502901354,,0.004278220502901354,0.004278220502901354,0.000713036750483559,0.000713036750483559,,0.000713036750483559,0.000713036750483559,python,CPU,thread 166178 (python),vector_bf16,"[{'name': 'void at::native::vectorized_elementwise_kernel<4, at::native::bfloat16_copy_kernel_cuda(at::TensorIteratorBase&)::{lambda(float)#1}, std::array<char*, 2ul> >(int, at::native::bfloat16_copy_kernel_cuda(at::TensorIteratorBase&)::{lambda(float)#1}, std::array<char*, 2ul>)', 'stream': 0, 'count': 1, 'total_duration_us': np.float64(4.039), 'mean_duration_us': np.float64(4.039), 'median_duration_us': np.float64(4.039), 'std_dev_duration_us': np.float64(0.0), 'min_duration_us': np.float64(4.039), 'max_duration_us': np.float64(4.039)}]","[{'name': 'void at::native::vectorized_elementwise_kernel<4, at::native::bf...', 'stream': 0, 'mean_duration_us': np.float64(4.04)}]","[[2880], [2880], []]","['c10::BFloat16', 'float', 'Scalar']","[[1], [1], []]","['', '', 'False']",4.0390625,4.0390625,,4.0390625,4.0390625,4.0390625,1,136956
aten::copy_,"(1,)","('int', 'int')","(1,)","(1,)",1,1e-09,,,,,,,,2.6604312808521695e-07,2.6604312808521695e-07,,2.6604312808521695e-07,2.6604312808521695e-07,python,CPU,thread 166178 (python),,"[{'name': 'Memcpy HtoD (Host -> Device)', 'stream': 0, 'count': 1, 'total_duration_us': np.float64(3.759), 'mean_duration_us': np.float64(3.759), 'median_duration_us': np.float64(3.759), 'std_dev_duration_us': np.float64(0.0), 'min_duration_us': np.float64(3.759), 'max_duration_us': np.float64(3.759)}]","[{'name': 'Memcpy HtoD (Host -> Device)', 'stream': 0, 'mean_duration_us': np.float64(3.76)}]","[[1], [1], []]","['int', 'int', 'Scalar']","[[1], [1], []]","['', '', 'False']",3.7587890625,3.7587890625,,3.7587890625,3.7587890625,3.7587890625,1,137826
aten::copy_,(),"('float', None)",(),,0,1e-09,7.62939453125e-06,0.125,,,,,,,,,,,python,CPU,thread 166178 (python),vector_fp32,[],,"[[], [], []]","['float', 'float', 'Scalar']","[[], [], []]","['', '', 'False']",0.0,0.0,0.0,0.0,0.0,0.0,192,366
aten::copy_,"(4, 8)","('long int', 'long int')","(8, 1)","(1, 4)",0,3.2e-08,0.00048828125,0.0625,,,,,,,,,,,python,CPU,thread 166178 (python),,[],,"[[4, 8], [4, 8], []]","['long int', 'long int', 'Scalar']","[[8, 1], [1, 4], []]","['', '', 'False']",0.0,0.0,0.0,0.0,0.0,0.0,192,735
